<queries>
	<query name="com.tools4ever.students.contacts.listall" coreTable="students" flattened="false" tags="t4e">
	    <summary>Students: All Contacts</summary>
        <description>Students: All Contacts </description>
        <columns>
            <column column="Students.Dcid">Dcid</column>
			<column column="Students.Student_Number">Student_Number</column>
			<column column="Students.Last_Name">Student_LastName</column>
            <column column="Students.First_Name">Student_FirstName</column>
            <column column="EmailAddress.EmailAddress">EmailAddress</column>
            <column column="Person.LastName">Contact_LastName</column>
            <column column="Person.FirstName">Contact_FirstName</column>
			<column column="Person.IsActive">Person_IsActive</column>
			<column column="StudentContactDetail.IsActive">Contact_IsActive</column>
			<column column="CodeSet.Code">Relationship</column>
			<column column="StudentContactDetail.IsCustodial">IsCustodial</column>
			<column column="StudentContactDetail.LivesWithFlg">LivesWith</column>
			<column column="StudentContactDetail.SchoolPickupFlg">SchoolPickup</column>
			<column column="StudentContactDetail.IsEmergency">IsEmergency</column>
			<column column="StudentContactDetail.ReceivesMailFlg">ReceivesMail</column>
 		      </columns>
        <sql>
			<![CDATA[				
select
   S.DCID,
   S.Student_Number,
   S.last_name,
   S.first_name,
   E.EmailAddress,
   P.lastname,
   P.firstname,
   P.IsActive PersonIsActive,
   SCD.IsActive ContactIsActive,
   CS.code,
   SCD.IsCustodial,
   SCD.LivesWithFlg,
   SCD.SchoolPickupFlg,
   SCD.IsEmergency,
   SCD.ReceivesMailFlg 	
from
   StudentContactAssoc SCA 
   INNER Join
      StudentContactDetail SCD 
      on SCA.StudentContactAssocID = SCD.StudentContactAssocID 
   LEFT JOIN
      Person P 
      on SCA.PERSONID = P.ID 
   LEFT JOIN
      STUDENTS S 
      on SCA.STUDENTDCID = S.DCID 
   LEFT JOIN
      codeset CS 
      on SCA.currreltypecodesetid = CS.codesetid 
   LEFT JOIN
      PersonEmailAddressAssoc PEA 
      ON P.ID = PEA.personid 
   LEFT JOIN
      EmailAddress E 
      ON PEA.EmailAddressID = E.EmailAddressID
			]]>
        </sql>
    </query>
</queries>
